"SG_UF";"NM_UE";"CD_CARGO";"NM_CANDIDATO";"DS_SITUACAO_CANDIDATURA";"NR_PARTIDO";"SG_PARTIDO";"NR_IDADE_DATA_POSSE";"CD_GENERO";"CD_GRAU_INSTRUCAO";"CD_COR_RACA";"CD_ESTADO_CIVIL";"ST_REELEICAO";"eleito";"DS_SIT_TOT_TURNO";"NUM_VOTOS"
"AP";"MAZAGÃO";13;"LUCIMAR TRINDADE PINTO BAIA";"APTO";55;"PSD";54;4;8;"01";3;"N";1;"ELEITO POR MEDIA";271
"AP";"MACAPÁ";13;"ROCICLAUDIO RODRIGUES DA SILVA";"APTO";25;"DEM";50;2;8;"01";7;"N";2;"ELEITO POR QP";3740
"AP";"OIAPOQUE";13;"CREUSA MARIA DA SILVA RIBEIRO";"APTO";20;"PSC";64;4;6;"03";5;"N";1;"ELEITO POR MEDIA";180
"AP";"MAZAGÃO";13;"JACIRENE NUNES PINTO";"APTO";90;"PROS";46;4;8;"03";1;"N";1;"ELEITO POR MEDIA";294
"AP";"PEDRA BRANCA DO AMAPARI";13;"JOSE AYRES ANDRADE ANTUNES";"APTO";10;"REPUBLICANOS";42;2;8;"02";1;"N";1;"ELEITO POR MEDIA";207
"AP";"VITÓRIA DO JARI";13;"RAFAEL DA SILVA TOSCANO";"APTO";18;"REDE";34;2;7;"01";1;"N";2;"ELEITO POR QP";250
"AP";"VITÓRIA DO JARI";13;"CLEISON  ALVES DA SILVA INAJOSA";"APTO";15;"MDB";41;2;4;"01";3;"N";2;"ELEITO POR QP";201
"AP";"SANTANA";13;"SEBASTIÃO LUIZ DA SILVA SUZANO";"APTO";10;"REPUBLICANOS";46;2;7;"02";3;"N";1;"ELEITO POR MEDIA";741
"AP";"OIAPOQUE";13;"NOEL HENRIQUE DOS SANTOS";"APTO";12;"PDT";30;2;8;"05";1;"N";1;"ELEITO POR MEDIA";215
"AP";"SERRA DO NAVIO";13;"ZANDER GUEDES FERREIRA";"APTO";55;"PSD";43;2;7;"02";3;"N";1;"ELEITO POR MEDIA";82
"AP";"CUTIAS";13;"MACLE LEITE DIAS";"APTO";22;"PL";39;2;8;"03";1;"N";2;"ELEITO POR QP";196
"AP";"LARANJAL DO JARI";13;"MARLON BARBOSA MOURA";"APTO";25;"DEM";42;2;6;"03";1;"N";2;"ELEITO POR QP";551
"AP";"CALÇOENE";13;"RAIMUNDO NONATO SOUSA";"APTO";12;"PDT";47;2;5;"03";3;"N";1;"ELEITO POR MEDIA";161
"AP";"PRACUÚBA";13;"CASSIO RODRIGO SILVA";"APTO";45;"PSDB";38;2;6;"06";1;"N";2;"ELEITO POR QP";155
"AP";"VITÓRIA DO JARI";13;"CELIO LAZAME DAS GRAÇAS";"APTO";25;"DEM";42;2;8;"03";1;"N";2;"ELEITO POR QP";309
"AP";"SANTANA";13;"LUIZ OTAVIO BRANCO PICANÇO";"APTO";23;"CIDADANIA";33;2;8;"03";1;"N";2;"ELEITO POR QP";650
"AP";"TARTARUGALZINHO";13;"EDIVAN CAMPOS MENEZES";"APTO";15;"MDB";40;2;6;"03";1;"N";1;"ELEITO POR MEDIA";206
"AP";"PEDRA BRANCA DO AMAPARI";13;"EVANDRO BRAZÃO FERNANDES";"APTO";25;"DEM";52;2;4;"03";3;"S";1;"ELEITO POR MEDIA";318
"AP";"LARANJAL DO JARI";13;"ELIEZIO PEREIRA MORAES";"APTO";22;"PL";36;2;6;"03";1;"N";1;"ELEITO POR MEDIA";524
"AP";"MAZAGÃO";13;"JOAO PAULO COELHO FERREIRA";"APTO";18;"REDE";33;2;6;"03";1;"N";1;"ELEITO POR MEDIA";397
"AP";"CALÇOENE";13;"RAIMUNDO NONATO BARBOSA ALVES";"APTO";18;"REDE";42;2;6;"02";1;"N";2;"ELEITO POR QP";174
"AP";"LARANJAL DO JARI";13;"JOSÉ DE RIBAMAR PAVÃO";"APTO";43;"PV";42;2;6;"03";1;"N";1;"ELEITO POR MEDIA";295
"AP";"CUTIAS";13;"FRANK JUNIOR ARAUJO ROCHA";"APTO";25;"DEM";41;2;6;"03";3;"S";2;"ELEITO POR QP";247
"AP";"PORTO GRANDE";13;"ROSENDI ANDRADE DOS ANJOS";"APTO";22;"PL";43;2;4;"03";3;"N";1;"ELEITO POR MEDIA";323
"AP";"SANTANA";13;"CARMEM MARINHO QUEIROZ DA PAZ";"APTO";11;"PP";65;4;8;"01";5;"N";1;"ELEITO POR MEDIA";727
"AP";"SERRA DO NAVIO";13;"ELIÂNGELA DE SOUZA GOMES PLIESSNIG";"APTO";25;"DEM";37;4;8;"01";3;"N";2;"ELEITO POR QP";62
"AP";"MACAPÁ";13;"MARAINA KELLEN MARTINS SOUTO";"APTO";19;"PODE";36;4;8;"01";1;"N";1;"ELEITO POR MEDIA";1988
"AP";"PEDRA BRANCA DO AMAPARI";13;"RAIMUNDA GECIANE SILVA DE OLIVEIRA SOUSA";"APTO";10;"REPUBLICANOS";39;4;6;"03";3;"N";2;"ELEITO POR QP";229
"AP";"CUTIAS";13;"JEFFERSON ALVES DOS SANTOS";"APTO";90;"PROS";36;2;8;"03";1;"N";2;"ELEITO POR QP";196
"AP";"AMAPÁ";13;"MAGNO LOBATO MARQUES";"APTO";22;"PL";36;2;6;"03";1;"N";1;"ELEITO POR MEDIA";179
"AP";"FERREIRA GOMES";13;"RADSON DE ALMEIDA PEREIRA";"APTO";11;"PP";45;2;8;"01";3;"N";2;"ELEITO POR QP";392
"AP";"SERRA DO NAVIO";13;"CAMILO DE ALMEIDA MOTA";"APTO";10;"REPUBLICANOS";30;2;6;"03";1;"N";1;"ELEITO POR MEDIA";95
"AP";"PRACUÚBA";13;"LIDIANE OLIVEIRA NUNES";"APTO";90;"PROS";40;4;8;"03";1;"N";2;"ELEITO POR QP";121
"AP";"CALÇOENE";13;"GIBSON COSTA DOS SANTOS";"APTO";25;"DEM";38;2;6;"01";1;"N";2;"ELEITO POR QP";210
"AP";"PRACUÚBA";13;"MARCELO MARÇAL COSTA ALVES";"APTO";12;"PDT";30;2;7;"03";1;"S";1;"ELEITO POR MEDIA";115
"AP";"SERRA DO NAVIO";13;"EMERSON DOS SANTOS SILVA";"APTO";25;"DEM";29;2;6;"03";3;"S";1;"ELEITO POR MEDIA";60
"AP";"MACAPÁ";13;"LUANY CRYSTY FERREIRA FAVACHO SANTOS";"APTO";90;"PROS";39;4;8;"01";5;"N";2;"ELEITO POR QP";2958
"AP";"FERREIRA GOMES";13;"CHIRSTIAN ROGGER CARDOSO ROCHA";"APTO";45;"PSDB";31;2;6;"03";3;"N";1;"ELEITO POR MEDIA";210
"AP";"ITAUBAL";13;"ADILSON RAMOS CASTRO";"APTO";11;"PP";37;2;8;"03";1;"N";2;"ELEITO POR QP";282
"AP";"MACAPÁ";13;"CARLOS MURILO PINHEIRO";"APTO";17;"PSL";50;2;8;"03";3;"S";2;"ELEITO POR QP";1528
"AP";"ITAUBAL";13;"DIEMERSON BARBOSA ALCANTARA";"APTO";11;"PP";33;2;5;"03";3;"N";1;"ELEITO POR MEDIA";181
"AP";"TARTARUGALZINHO";13;"ROSINALDO FARIAS PAIVA";"APTO";10;"REPUBLICANOS";29;2;4;"03";3;"N";2;"ELEITO POR QP";150
"AP";"LARANJAL DO JARI";13;"CLAUDENILDO GOMES DE OLIVEIRA";"APTO";90;"PROS";42;2;5;"03";3;"N";1;"ELEITO POR MEDIA";261
"AP";"PORTO GRANDE";13;"SUELI SILVA DE SOUZA";"APTO";12;"PDT";47;4;6;"03";1;"N";1;"ELEITO POR MEDIA";408
"AP";"SANTANA";13;"BRUNO HEDER ARAUJO DA SILVA DE SOUZA";"APTO";55;"PSD";34;2;8;"01";1;"N";2;"ELEITO POR QP";888
"AP";"LARANJAL DO JARI";13;"FELINTO ALBERTO SILVA MARQUES";"APTO";90;"PROS";51;2;6;"03";1;"N";2;"ELEITO POR QP";308
"AP";"MACAPÁ";13;"ODILSON SERRA NUNES";"APTO";45;"PSDB";42;2;6;"03";3;"N";2;"ELEITO POR QP";2488
"AP";"CUTIAS";13;"GERDSON DOS REIS FERREIRA";"APTO";90;"PROS";37;2;5;"03";1;"N";1;"ELEITO POR MEDIA";159
"AP";"MACAPÁ";13;"ADRIANNA SOCORRO AVILA RAMOS SEGATO";"APTO";20;"PSC";39;4;8;"03";3;"N";1;"ELEITO POR MEDIA";2101
"AP";"MACAPÁ";13;"MARCELO DE MATOS DIAS";"APTO";77;"SOLIDARIEDADE";49;2;6;"03";3;"S";2;"ELEITO POR QP";3401
"AP";"AMAPÁ";13;"WILLIAN MACIEL DA SILVA";"APTO";11;"PP";35;2;8;"03";3;"N";1;"ELEITO POR MEDIA";169
"AP";"VITÓRIA DO JARI";13;"LINDOMAR PASTANA DE OLIVEIRA";"APTO";55;"PSD";43;2;2;"03";1;"S";1;"ELEITO POR MEDIA";182
"AP";"ITAUBAL";13;"DAYANE DAS CHAGAS SANTOS";"APTO";12;"PDT";25;4;8;"03";1;"N";2;"ELEITO POR QP";226
"AP";"CALÇOENE";13;"ENILDO DO SOCORRO SOARES DOS SANTOS";"APTO";22;"PL";47;2;5;"03";1;"N";1;"ELEITO POR MEDIA";190
"AP";"CALÇOENE";13;"ANTÔNIO CLÁUDIO BARATA CHAGAS";"APTO";10;"REPUBLICANOS";46;2;8;"03";1;"N";1;"ELEITO POR MEDIA";159
"AP";"PORTO GRANDE";13;"FRANCINALDO DE SOUZA OLIVEIRA";"APTO";12;"PDT";40;2;3;"03";1;"S";2;"ELEITO POR QP";415
"AP";"PORTO GRANDE";13;"JOLIANNE PEREIRA FONTENELE";"APTO";90;"PROS";22;4;8;"03";1;"N";1;"ELEITO POR MEDIA";164
"AP";"PRACUÚBA";13;"FRANCINEI DIAS AMORAS";"APTO";90;"PROS";41;2;6;"03";3;"S";1;"ELEITO POR MEDIA";101
"AP";"TARTARUGALZINHO";13;"IUANNE MARY CASTILLO GURJÃO FIGUEIREDO";"APTO";12;"PDT";47;4;8;"03";3;"N";2;"ELEITO POR QP";332
"AP";"OIAPOQUE";13;"PEDRO GUIDO NASCIMENTO DE CASTRO";"APTO";45;"PSDB";44;2;4;"03";1;"N";2;"ELEITO POR QP";603
"AP";"SANTANA";13;"ANTONIA DO SOCORRO NOGUEIRA DE SOUZA";"APTO";13;"PT";56;4;8;"03";1;"N";1;"ELEITO POR MEDIA";1090
"AP";"SANTANA";13;"ADELSON BORGES ROCHA";"APTO";65;"PC do B";53;2;8;"03";3;"S";1;"ELEITO POR MEDIA";548
"AP";"PRACUÚBA";13;"FRANK NELSON DIAS DOS PASSOS";"APTO";40;"PSB";45;2;3;"03";1;"N";1;"ELEITO POR MEDIA";78
"AP";"LARANJAL DO JARI";13;"BENEDITO MACHADO DO CARMO";"APTO";55;"PSD";51;2;4;"03";1;"N";2;"ELEITO POR QP";415
"AP";"FERREIRA GOMES";13;"ARLEI BATISTA FERREIRA ISACKSSON";"APTO";23;"CIDADANIA";47;2;8;"03";1;"N";2;"ELEITO POR QP";141
"AP";"MACAPÁ";13;"ANDRE LUIZ ALVES DE LIMA";"APTO";18;"REDE";49;2;8;"03";3;"N";1;"ELEITO POR MEDIA";2879
"AP";"LARANJAL DO JARI";13;"JERONIMO DOS SANTOS DA SILVA";"APTO";45;"PSDB";45;2;3;"03";1;"N";2;"ELEITO POR QP";575
"AP";"MAZAGÃO";13;"LENI LIMA DA CRUZ";"APTO";20;"PSC";46;4;8;"03";1;"N";2;"ELEITO POR QP";376
"AP";"PORTO GRANDE";13;"NELSON DOS SANTOS DOMINGUES";"APTO";25;"DEM";50;2;8;"03";1;"N";1;"ELEITO POR MEDIA";267
"AP";"TARTARUGALZINHO";13;"GLAUCIO PAULA DE OLIVEIRA";"APTO";11;"PP";41;2;8;"03";3;"N";1;"ELEITO POR MEDIA";200
"AP";"VITÓRIA DO JARI";13;"HIGOR MICHEL NEVES DA SILVA";"APTO";22;"PL";33;2;6;"03";1;"N";1;"ELEITO POR MEDIA";92
"AP";"PEDRA BRANCA DO AMAPARI";13;"CICERO VITOR DE MENDONÇA";"APTO";45;"PSDB";38;2;5;"03";3;"N";2;"ELEITO POR QP";326
"AP";"AMAPÁ";13;"MAURÍCIO DE OLIVEIRA SUCUPIRA";"APTO";12;"PDT";42;2;6;"03";1;"N";2;"ELEITO POR QP";238
"AP";"VITÓRIA DO JARI";13;"GERSON CALDEIRA DE FREITAS";"APTO";25;"DEM";51;2;8;"03";1;"S";1;"ELEITO POR MEDIA";206
"AP";"CALÇOENE";13;"KARLUCIO ALVES BATISTA";"APTO";77;"SOLIDARIEDADE";36;2;8;"03";1;"N";1;"ELEITO POR MEDIA";135
"AP";"AMAPÁ";13;"DORIVAN DOS SANTOS SOBRAL";"APTO";12;"PDT";47;2;8;"02";1;"N";2;"ELEITO POR QP";354
"AP";"SANTANA";13;"JOSIVALDO SANTOS ABRANTES";"APTO";12;"PDT";53;2;8;"03";3;"N";2;"ELEITO POR QP";1914
"AP";"SANTANA";13;"DIANA CHAGAS PINTO CASTELO";"APTO";17;"PSL";46;4;8;"03";5;"N";1;"ELEITO POR MEDIA";823
"AP";"SERRA DO NAVIO";13;"WANDERSON PINHEIRO SILVA";"APTO";77;"SOLIDARIEDADE";26;2;8;"03";1;"N";1;"ELEITO POR MEDIA";90
"AP";"PEDRA BRANCA DO AMAPARI";13;"HERMAN MAIA DA CRUZ";"APTO";25;"DEM";38;2;6;"03";1;"N";2;"ELEITO POR QP";399
"AP";"MACAPÁ";13;"EDUARDO DOS SANTOS TAVARES";"APTO";12;"PDT";37;2;8;"02";1;"N";2;"ELEITO POR QP";4853
"AP";"TARTARUGALZINHO";13;"LEANDRO MENDES FERREIRA";"APTO";22;"PL";36;2;6;"02";3;"N";2;"ELEITO POR QP";410
"AP";"LARANJAL DO JARI";13;"VERA LÚCIA DOS SANTOS AGUIAR";"APTO";25;"DEM";54;4;5;"03";3;"S";1;"ELEITO POR MEDIA";519
"AP";"CALÇOENE";13;"RAIMUNDO SOCORRO COSTA DE MORAIS";"APTO";55;"PSD";44;2;6;"02";3;"N";1;"ELEITO POR MEDIA";161
"AP";"TARTARUGALZINHO";13;"JOSÉ ANGELO NUNES DA SILVA";"APTO";11;"PP";40;2;6;"03";3;"N";2;"ELEITO POR QP";269
"AP";"MACAPÁ";13;"JORGE ALCINDO FURTADO ABIDON";"APTO";11;"PP";74;2;6;"03";1;"N";1;"ELEITO POR MEDIA";1444
"AP";"AMAPÁ";13;"KELLEY LOBATO";"APTO";22;"PL";42;4;8;"03";1;"S";2;"ELEITO POR QP";270
"AP";"LARANJAL DO JARI";13;"WILBYSON HAROLDO FERREIRA BATISTA";"APTO";18;"REDE";38;2;8;"03";3;"N";2;"ELEITO POR QP";399
"AP";"MACAPÁ";13;"ARILSON LOBATO MELO";"APTO";28;"PRTB";41;2;6;"03";3;"N";1;"ELEITO POR MEDIA";2914
"AP";"VITÓRIA DO JARI";13;"WANDERSON VIEIRA";"APTO";10;"REPUBLICANOS";33;2;6;"03";1;"N";1;"ELEITO POR MEDIA";193
"AP";"OIAPOQUE";13;"UESLEI NEI DA SILVEIRA TELES";"APTO";90;"PROS";35;2;6;"03";9;"N";2;"ELEITO POR QP";522
"AP";"MACAPÁ";13;"ALEXANDRE RAMOS DA COSTA";"APTO";11;"PP";45;2;8;"02";3;"N";2;"ELEITO POR QP";1521
"AP";"CUTIAS";13;"EVAN CRISTIAN PEREIRA CARVALHO";"APTO";12;"PDT";27;4;7;"03";9;"S";1;"ELEITO POR MEDIA";207
"AP";"VITÓRIA DO JARI";13;"ALDEMIR DUARTE PIRES";"APTO";90;"PROS";30;2;8;"01";1;"N";2;"ELEITO POR QP";218
"AP";"LARANJAL DO JARI";13;"WALCIMAR RIBEIRO FONSECA";"APTO";22;"PL";39;2;6;"02";1;"N";2;"ELEITO POR QP";817
"AP";"PRACUÚBA";13;"JOELSON DOS ANJOS OLIVEIRA";"APTO";55;"PSD";47;2;6;"03";1;"N";1;"ELEITO POR MEDIA";153
"AP";"PRACUÚBA";13;"ABMAEL DAS OLIVEIRA BELO";"APTO";10;"REPUBLICANOS";40;2;6;"06";3;"N";2;"ELEITO POR QP";142
"AP";"SERRA DO NAVIO";13;"NAALIEL ALVES CORREA CASTELO";"APTO";12;"PDT";32;2;6;"01";1;"N";2;"ELEITO POR QP";157
"AP";"ITAUBAL";13;"ODNIWALDO BRAZAO DA COSTA";"APTO";65;"PC do B";44;2;8;"03";3;"N";1;"ELEITO POR MEDIA";171
"AP";"CALÇOENE";13;"WESLEY ALEX CHUMBER DA SILVA";"APTO";22;"PL";31;2;6;"03";3;"N";2;"ELEITO POR QP";394
"AP";"LARANJAL DO JARI";13;"DENIS LIMA CHAGAS";"APTO";45;"PSDB";38;2;6;"02";1;"N";1;"ELEITO POR MEDIA";551
"AP";"SERRA DO NAVIO";13;"FAUSTO JOSÉ DOS SANTOS";"APTO";90;"PROS";46;2;8;"01";1;"N";2;"ELEITO POR QP";190
"AP";"MACAPÁ";13;"CARLOS GABRIEL ANDRADE NONATO";"APTO";25;"DEM";29;2;8;"03";1;"N";1;"ELEITO POR MEDIA";3318
"AP";"TARTARUGALZINHO";13;"ALESSANDRO DE SOUSA DA SILVA";"APTO";55;"PSD";36;2;8;"01";3;"N";1;"ELEITO POR MEDIA";138
"AP";"MACAPÁ";13;"JOÃO MARCO DY SA Y MENDONCA";"APTO";22;"PL";38;2;8;"01";3;"N";1;"ELEITO POR MEDIA";3131
"AP";"SANTANA";13;"HELENA PEREIRA DE LIMA";"APTO";77;"SOLIDARIEDADE";54;4;8;"01";1;"N";2;"ELEITO POR QP";1294
"AP";"OIAPOQUE";13;"YURI ALESI DA SILVA ARAUJO";"APTO";55;"PSD";30;2;8;"03";3;"N";1;"ELEITO POR MEDIA";174
"AP";"SERRA DO NAVIO";13;"FRANCILENE PINTO DE FARIAS";"APTO";10;"REPUBLICANOS";45;4;5;"03";1;"N";2;"ELEITO POR QP";121
"AP";"AMAPÁ";13;"IVANETE ALVES FERREIRA";"APTO";11;"PP";49;4;8;"03";1;"N";2;"ELEITO POR QP";336
"AP";"MAZAGÃO";13;"JOSE LEONICIO DO AMARAL FILHO";"APTO";25;"DEM";46;2;6;"01";1;"N";2;"ELEITO POR QP";603
"AP";"TARTARUGALZINHO";13;"EDY CARLOS BRAZÃO DA SILVA";"APTO";15;"MDB";49;2;6;"03";1;"N";2;"ELEITO POR QP";336
"AP";"OIAPOQUE";13;"CARMINO DA SILVA LAZAME";"APTO";45;"PSDB";51;2;8;"03";3;"N";1;"ELEITO POR MEDIA";175
"AP";"MACAPÁ";13;"PAULO CELSO DE LIMA NERY";"APTO";23;"CIDADANIA";53;2;8;"01";3;"N";1;"ELEITO POR MEDIA";2479
"AP";"SERRA DO NAVIO";13;"OSEIAS DOS SANTOS FILHO";"APTO";10;"REPUBLICANOS";26;2;6;"03";3;"N";2;"ELEITO POR QP";98
"AP";"ITAUBAL";13;"ESTER CANDIDA CHAGAS DA SILVA";"APTO";18;"REDE";56;4;4;"02";1;"N";1;"ELEITO POR MEDIA";256
"AP";"PORTO GRANDE";13;"NARSON DA SILVA SANTOS";"APTO";22;"PL";44;2;8;"03";3;"N";2;"ELEITO POR QP";453
"AP";"MAZAGÃO";13;"ELCIMAR BRAGA DA COSTA";"APTO";22;"PL";41;2;8;"03";3;"N";2;"ELEITO POR QP";489
"AP";"AMAPÁ";13;"AVANIRA DE OLIVEIRA";"APTO";22;"PL";37;4;8;"01";1;"N";2;"ELEITO POR QP";214
"AP";"SANTANA";13;"FRANCISCO DAS CHAGAS GOMES FREIRES";"APTO";12;"PDT";47;2;8;"01";9;"N";1;"ELEITO POR MEDIA";829
"AP";"MACAPÁ";13;"EDINOELSON PEREIRA DA TRINDADE";"APTO";90;"PROS";47;2;8;"03";3;"N";1;"ELEITO POR MEDIA";1314
"AP";"PEDRA BRANCA DO AMAPARI";13;"CRISTINA SERRÃO DE MELO CARMO";"APTO";45;"PSDB";52;4;8;"03";9;"N";1;"ELEITO POR MEDIA";193
"AP";"TARTARUGALZINHO";13;"FELIPE CESAR FERNANDES REZENDE";"APTO";25;"DEM";34;2;8;"01";3;"N";2;"ELEITO POR QP";241
"AP";"LARANJAL DO JARI";13;"UBIMAR QUEIROGA DE SOUZA";"APTO";12;"PDT";57;2;5;"03";1;"N";1;"ELEITO POR MEDIA";581
"AP";"MAZAGÃO";13;"EDIELSON DA SILVA CRUZ";"APTO";90;"PROS";45;2;6;"03";1;"N";2;"ELEITO POR QP";411
"AP";"FERREIRA GOMES";13;"CALLINS OLIVEIRA DOS ANJOS";"APTO";22;"PL";38;2;8;"03";3;"N";2;"ELEITO POR QP";182
"AP";"VITÓRIA DO JARI";13;"JOSIVAN ALVES PRADO";"APTO";15;"MDB";32;2;6;"01";1;"N";1;"ELEITO POR MEDIA";177
"AP";"PEDRA BRANCA DO AMAPARI";13;"EDNALDO DOS SANTOS DINIZ";"APTO";65;"PC do B";50;2;2;"03";3;"N";2;"ELEITO POR QP";173
"AP";"MACAPÁ";13;"CLAUDIOMAR ROSA DA SILVA";"APTO";70;"AVANTE";51;2;8;"03";3;"N";1;"ELEITO POR MEDIA";3468
"AP";"ITAUBAL";13;"ROZINALDO DOS SANTOS COSTA";"APTO";55;"PSD";34;2;6;"01";1;"N";2;"ELEITO POR QP";157
"AP";"SANTANA";13;"JOSINEY PEREIRA ALVES";"APTO";70;"AVANTE";42;2;6;"03";1;"N";2;"ELEITO POR QP";1270
"AP";"PRACUÚBA";13;"DARINTO COSTA OLIVEIRA";"APTO";10;"REPUBLICANOS";41;2;4;"02";3;"N";2;"ELEITO POR QP";111
"AP";"MAZAGÃO";13;"WENDERSON OLIVEIRA DOS SANTOS";"APTO";55;"PSD";26;2;6;"03";1;"N";2;"ELEITO POR QP";549
"AP";"SANTANA";13;"MARCO AURELIO SOUSA DOS SANTOS";"APTO";70;"AVANTE";40;2;8;"01";1;"S";1;"ELEITO POR MEDIA";757
"AP";"AMAPÁ";13;"DAYMO JOÃO SUCUPIRA SILVA NETO";"APTO";11;"PP";37;2;6;"02";1;"N";2;"ELEITO POR QP";271
"AP";"SANTANA";13;"ANGELO NASCIMENTO DOS SANTOS";"APTO";14;"PTB";40;2;6;"03";1;"S";1;"ELEITO POR MEDIA";1105
"AP";"PORTO GRANDE";13;"LUIZ EDUARDO DIAS ARAÚJO";"APTO";12;"PDT";22;2;6;"01";1;"N";2;"ELEITO POR QP";510
"AP";"MAZAGÃO";13;"MARIA DE NAZARE DA SILVA VIEIRA";"APTO";11;"PP";40;4;6;"03";3;"N";2;"ELEITO POR QP";447
"AP";"ITAUBAL";13;"CLEISIEL DA SILVA FERREIRA";"APTO";10;"REPUBLICANOS";38;2;8;"03";1;"N";2;"ELEITO POR QP";254
"AP";"MACAPÁ";13;"JANETE MARIA GOES CAPIBERIBE";"APTO";40;"PSB";71;4;7;"03";3;"N";2;"ELEITO POR QP";2137
"AP";"AMAPÁ";13;"DIEGO MONTEIRO MELO";"APTO";17;"PSL";34;2;6;"03";3;"N";1;"ELEITO POR MEDIA";151
"AP";"PORTO GRANDE";13;"ANTONIO RODRIGUES GALENO";"APTO";11;"PP";56;2;4;"01";3;"N";2;"ELEITO POR QP";353
"AP";"SANTANA";13;"ELMA GARCIA GOMES NASCIMENTO";"APTO";25;"DEM";41;4;8;"03";3;"N";1;"ELEITO POR MEDIA";980
"AP";"MACAPÁ";13;"DANIEL THEODORO PETRAGLIA";"APTO";50;"PSOL";39;2;7;"01";1;"N";1;"ELEITO POR MEDIA";2211
"AP";"MACAPÁ";13;"GIANCARLO DARLÃ PINON NERY";"APTO";15;"MDB";52;2;8;"01";3;"N";1;"ELEITO POR MEDIA";2893
"AP";"MAZAGÃO";13;"ROSIVALDO DOS SANTOS";"APTO";22;"PL";48;2;8;"03";1;"N";1;"ELEITO POR MEDIA";397
"AP";"PORTO GRANDE";13;"JOSÉ DOMINGOS DE ALMEIDA VAZ";"APTO";12;"PDT";52;2;6;"03";1;"S";2;"ELEITO POR QP";411
"AP";"SANTANA";13;"MÁRIO DA SILVA BRANDÃO";"APTO";22;"PL";53;2;8;"03";3;"N";1;"ELEITO POR MEDIA";881
"AP";"OIAPOQUE";13;"JOSÉ NAZARENO RODRIGUES";"APTO";22;"PL";55;2;8;"03";3;"S";1;"ELEITO POR MEDIA";302
"AP";"MACAPÁ";13;"SEBASTIÃO NELSON SILVA DE SOUZA";"APTO";55;"PSD";64;2;8;"01";3;"N";1;"ELEITO POR MEDIA";3352
"AP";"MAZAGÃO";13;"SAULO LOPES BAIA";"APTO";17;"PSL";41;2;6;"03";1;"N";1;"ELEITO POR MEDIA";443
"AP";"CUTIAS";13;"HORTENCIA COELHO MIRA";"APTO";25;"DEM";26;4;6;"03";1;"N";2;"ELEITO POR QP";213
"AP";"PORTO GRANDE";13;"ELIENAI DOS SANTOS SILVA SANTANA";"APTO";17;"PSL";37;4;8;"03";3;"N";1;"ELEITO POR MEDIA";201
"AP";"OIAPOQUE";13;"LUIZ FERNANDO ANIKA DOS SANTOS";"APTO";70;"AVANTE";24;2;6;"03";1;"N";1;"ELEITO POR MEDIA";251
"AP";"FERREIRA GOMES";13;"ALCEU SERRA RABELO";"APTO";11;"PP";35;2;6;"03";3;"N";2;"ELEITO POR QP";203
"AP";"PRACUÚBA";13;"JOILSON GUIMARÃES PASSOS";"APTO";25;"DEM";43;2;4;"03";1;"N";2;"ELEITO POR QP";149
"AP";"FERREIRA GOMES";13;"WELLINGTON BRAGA COSTA";"APTO";11;"PP";38;2;6;"03";3;"N";1;"ELEITO POR MEDIA";178
"AP";"PORTO GRANDE";13;"ALEX LOPES DE SOUZA";"APTO";11;"PP";41;2;6;"03";3;"N";1;"ELEITO POR MEDIA";291
"AP";"CALÇOENE";13;"RENATO JUNIOR MENDES COSTA";"APTO";11;"PP";32;2;6;"02";1;"N";2;"ELEITO POR QP";190
"AP";"MACAPÁ";13;"CARLOS EDUARDO PIMENTEL BARBOSA";"APTO";22;"PL";21;2;7;"01";1;"N";2;"ELEITO POR QP";3402
"AP";"PEDRA BRANCA DO AMAPARI";13;"RAIMUNDO NONATO DE ARAÚJO BENVINDO";"APTO";25;"DEM";56;2;3;"03";3;"S";2;"ELEITO POR QP";369
"AP";"PEDRA BRANCA DO AMAPARI";13;"MATEUS DE SOUZA SILVA";"APTO";45;"PSDB";26;2;8;"02";1;"N";2;"ELEITO POR QP";389
"AP";"ITAUBAL";13;"AILTON BRUNO LIBERATO CRUZ";"APTO";25;"DEM";26;2;7;"03";1;"N";2;"ELEITO POR QP";276
"AP";"OIAPOQUE";13;"REGINALDO SILVA MARQUES";"APTO";17;"PSL";41;2;6;"03";3;"N";1;"ELEITO POR MEDIA";185
"AP";"FERREIRA GOMES";13;"ALEXANDRO BRAZÃO FERREIRA";"APTO";11;"PP";34;2;8;"01";3;"N";1;"ELEITO POR MEDIA";168
"AP";"CUTIAS";13;"WAGNER OLIVEIRA BARRETO";"APTO";90;"PROS";40;2;6;"03";1;"S";1;"ELEITO POR MEDIA";155
"AP";"CUTIAS";13;"EDIVAN DOS SANTOS SANTOS";"APTO";90;"PROS";42;2;6;"03";1;"S";2;"ELEITO POR QP";215
"AP";"MACAPÁ";13;"MANOEL CAETANO BENTES MONTEIRO NETO";"APTO";18;"REDE";39;2;6;"02";3;"N";2;"ELEITO POR QP";3111
"AP";"OIAPOQUE";13;"LILIA RAMOS OLIVEIRA";"APTO";10;"REPUBLICANOS";30;4;7;"05";1;"N";2;"ELEITO POR QP";236
"AP";"FERREIRA GOMES";13;"JOAO MENDES CAMPOS FERREIRA";"APTO";10;"REPUBLICANOS";54;2;8;"03";1;"N";2;"ELEITO POR QP";132
"AP";"CUTIAS";13;"JANIO RABELO MOURÃO";"APTO";19;"PODE";49;2;6;"03";1;"N";2;"ELEITO POR QP";126
"AP";"LARANJAL DO JARI";13;"AMERICO PINHEIRO DOS SANTOS";"APTO";10;"REPUBLICANOS";41;2;8;"03";3;"N";1;"ELEITO POR MEDIA";469
"AP";"FERREIRA GOMES";13;"JACI BRAZAO DOS REIS";"APTO";55;"PSD";42;2;3;"03";3;"N";2;"ELEITO POR QP";128
"AP";"ITAUBAL";13;"DARLIETE TAVARES PALMERIM";"APTO";17;"PSL";42;4;8;"03";1;"S";1;"ELEITO POR MEDIA";176
"AP";"OIAPOQUE";13;"MARCELO MARTINS GUIMARAES";"APTO";25;"DEM";37;2;8;"03";3;"N";2;"ELEITO POR QP";342
